[{"model": "auth.permission", "pk": 1, "fields": {"name": "Can add permission", "content_type": 1, "codename": "add_permission"}}, {"model": "auth.permission", "pk": 2, "fields": {"name": "Can change permission", "content_type": 1, "codename": "change_permission"}}, {"model": "auth.permission", "pk": 3, "fields": {"name": "Can delete permission", "content_type": 1, "codename": "delete_permission"}}, {"model": "auth.permission", "pk": 4, "fields": {"name": "Can view permission", "content_type": 1, "codename": "view_permission"}}, {"model": "auth.permission", "pk": 5, "fields": {"name": "Can add group", "content_type": 2, "codename": "add_group"}}, {"model": "auth.permission", "pk": 6, "fields": {"name": "Can change group", "content_type": 2, "codename": "change_group"}}, {"model": "auth.permission", "pk": 7, "fields": {"name": "Can delete group", "content_type": 2, "codename": "delete_group"}}, {"model": "auth.permission", "pk": 8, "fields": {"name": "Can view group", "content_type": 2, "codename": "view_group"}}, {"model": "auth.permission", "pk": 9, "fields": {"name": "Can add content type", "content_type": 3, "codename": "add_contenttype"}}, {"model": "auth.permission", "pk": 10, "fields": {"name": "Can change content type", "content_type": 3, "codename": "change_contenttype"}}, {"model": "auth.permission", "pk": 11, "fields": {"name": "Can delete content type", "content_type": 3, "codename": "delete_contenttype"}}, {"model": "auth.permission", "pk": 12, "fields": {"name": "Can view content type", "content_type": 3, "codename": "view_contenttype"}}, {"model": "auth.permission", "pk": 13, "fields": {"name": "Can add session", "content_type": 4, "codename": "add_session"}}, {"model": "auth.permission", "pk": 14, "fields": {"name": "Can change session", "content_type": 4, "codename": "change_session"}}, {"model": "auth.permission", "pk": 15, "fields": {"name": "Can delete session", "content_type": 4, "codename": "delete_session"}}, {"model": "auth.permission", "pk": 16, "fields": {"name": "Can view session", "content_type": 4, "codename": "view_session"}}, {"model": "auth.permission", "pk": 17, "fields": {"name": "Can add site", "content_type": 5, "codename": "add_site"}}, {"model": "auth.permission", "pk": 18, "fields": {"name": "Can change site", "content_type": 5, "codename": "change_site"}}, {"model": "auth.permission", "pk": 19, "fields": {"name": "Can delete site", "content_type": 5, "codename": "delete_site"}}, {"model": "auth.permission", "pk": 20, "fields": {"name": "Can view site", "content_type": 5, "codename": "view_site"}}, {"model": "auth.permission", "pk": 21, "fields": {"name": "Can add log entry", "content_type": 6, "codename": "add_logentry"}}, {"model": "auth.permission", "pk": 22, "fields": {"name": "Can change log entry", "content_type": 6, "codename": "change_logentry"}}, {"model": "auth.permission", "pk": 23, "fields": {"name": "Can delete log entry", "content_type": 6, "codename": "delete_logentry"}}, {"model": "auth.permission", "pk": 24, "fields": {"name": "Can view log entry", "content_type": 6, "codename": "view_logentry"}}, {"model": "auth.permission", "pk": 25, "fields": {"name": "Can add email address", "content_type": 7, "codename": "add_emailaddress"}}, {"model": "auth.permission", "pk": 26, "fields": {"name": "Can change email address", "content_type": 7, "codename": "change_emailaddress"}}, {"model": "auth.permission", "pk": 27, "fields": {"name": "Can delete email address", "content_type": 7, "codename": "delete_emailaddress"}}, {"model": "auth.permission", "pk": 28, "fields": {"name": "Can view email address", "content_type": 7, "codename": "view_emailaddress"}}, {"model": "auth.permission", "pk": 29, "fields": {"name": "Can add email confirmation", "content_type": 8, "codename": "add_emailconfirmation"}}, {"model": "auth.permission", "pk": 30, "fields": {"name": "Can change email confirmation", "content_type": 8, "codename": "change_emailconfirmation"}}, {"model": "auth.permission", "pk": 31, "fields": {"name": "Can delete email confirmation", "content_type": 8, "codename": "delete_emailconfirmation"}}, {"model": "auth.permission", "pk": 32, "fields": {"name": "Can view email confirmation", "content_type": 8, "codename": "view_emailconfirmation"}}, {"model": "auth.permission", "pk": 33, "fields": {"name": "Can add social account", "content_type": 9, "codename": "add_socialaccount"}}, {"model": "auth.permission", "pk": 34, "fields": {"name": "Can change social account", "content_type": 9, "codename": "change_socialaccount"}}, {"model": "auth.permission", "pk": 35, "fields": {"name": "Can delete social account", "content_type": 9, "codename": "delete_socialaccount"}}, {"model": "auth.permission", "pk": 36, "fields": {"name": "Can view social account", "content_type": 9, "codename": "view_socialaccount"}}, {"model": "auth.permission", "pk": 37, "fields": {"name": "Can add social application", "content_type": 10, "codename": "add_socialapp"}}, {"model": "auth.permission", "pk": 38, "fields": {"name": "Can change social application", "content_type": 10, "codename": "change_socialapp"}}, {"model": "auth.permission", "pk": 39, "fields": {"name": "Can delete social application", "content_type": 10, "codename": "delete_socialapp"}}, {"model": "auth.permission", "pk": 40, "fields": {"name": "Can view social application", "content_type": 10, "codename": "view_socialapp"}}, {"model": "auth.permission", "pk": 41, "fields": {"name": "Can add social application token", "content_type": 11, "codename": "add_socialtoken"}}, {"model": "auth.permission", "pk": 42, "fields": {"name": "Can change social application token", "content_type": 11, "codename": "change_socialtoken"}}, {"model": "auth.permission", "pk": 43, "fields": {"name": "Can delete social application token", "content_type": 11, "codename": "delete_socialtoken"}}, {"model": "auth.permission", "pk": 44, "fields": {"name": "Can view social application token", "content_type": 11, "codename": "view_socialtoken"}}, {"model": "auth.permission", "pk": 45, "fields": {"name": "Can add user", "content_type": 12, "codename": "add_user"}}, {"model": "auth.permission", "pk": 46, "fields": {"name": "Can change user", "content_type": 12, "codename": "change_user"}}, {"model": "auth.permission", "pk": 47, "fields": {"name": "Can delete user", "content_type": 12, "codename": "delete_user"}}, {"model": "auth.permission", "pk": 48, "fields": {"name": "Can view user", "content_type": 12, "codename": "view_user"}}, {"model": "auth.permission", "pk": 49, "fields": {"name": "Can add train", "content_type": 13, "codename": "add_train"}}, {"model": "auth.permission", "pk": 50, "fields": {"name": "Can change train", "content_type": 13, "codename": "change_train"}}, {"model": "auth.permission", "pk": 51, "fields": {"name": "Can delete train", "content_type": 13, "codename": "delete_train"}}, {"model": "auth.permission", "pk": 52, "fields": {"name": "Can view train", "content_type": 13, "codename": "view_train"}}, {"model": "auth.permission", "pk": 53, "fields": {"name": "Can add availability", "content_type": 14, "codename": "add_availability"}}, {"model": "auth.permission", "pk": 54, "fields": {"name": "Can change availability", "content_type": 14, "codename": "change_availability"}}, {"model": "auth.permission", "pk": 55, "fields": {"name": "Can delete availability", "content_type": 14, "codename": "delete_availability"}}, {"model": "auth.permission", "pk": 56, "fields": {"name": "Can view availability", "content_type": 14, "codename": "view_availability"}}, {"model": "auth.permission", "pk": 57, "fields": {"name": "Can add route", "content_type": 15, "codename": "add_route"}}, {"model": "auth.permission", "pk": 58, "fields": {"name": "Can change route", "content_type": 15, "codename": "change_route"}}, {"model": "auth.permission", "pk": 59, "fields": {"name": "Can delete route", "content_type": 15, "codename": "delete_route"}}, {"model": "auth.permission", "pk": 60, "fields": {"name": "Can view route", "content_type": 15, "codename": "view_route"}}, {"model": "auth.permission", "pk": 61, "fields": {"name": "Can add station", "content_type": 16, "codename": "add_station"}}, {"model": "auth.permission", "pk": 62, "fields": {"name": "Can change station", "content_type": 16, "codename": "change_station"}}, {"model": "auth.permission", "pk": 63, "fields": {"name": "Can delete station", "content_type": 16, "codename": "delete_station"}}, {"model": "auth.permission", "pk": 64, "fields": {"name": "Can view station", "content_type": 16, "codename": "view_station"}}, {"model": "auth.permission", "pk": 65, "fields": {"name": "Can add booking", "content_type": 17, "codename": "add_booking"}}, {"model": "auth.permission", "pk": 66, "fields": {"name": "Can change booking", "content_type": 17, "codename": "change_booking"}}, {"model": "auth.permission", "pk": 67, "fields": {"name": "Can delete booking", "content_type": 17, "codename": "delete_booking"}}, {"model": "auth.permission", "pk": 68, "fields": {"name": "Can view booking", "content_type": 17, "codename": "view_booking"}}, {"model": "contenttypes.contenttype", "pk": 1, "fields": {"app_label": "auth", "model": "permission"}}, {"model": "contenttypes.contenttype", "pk": 2, "fields": {"app_label": "auth", "model": "group"}}, {"model": "contenttypes.contenttype", "pk": 3, "fields": {"app_label": "contenttypes", "model": "contenttype"}}, {"model": "contenttypes.contenttype", "pk": 4, "fields": {"app_label": "sessions", "model": "session"}}, {"model": "contenttypes.contenttype", "pk": 5, "fields": {"app_label": "sites", "model": "site"}}, {"model": "contenttypes.contenttype", "pk": 6, "fields": {"app_label": "admin", "model": "logentry"}}, {"model": "contenttypes.contenttype", "pk": 7, "fields": {"app_label": "account", "model": "emailaddress"}}, {"model": "contenttypes.contenttype", "pk": 8, "fields": {"app_label": "account", "model": "emailconfirmation"}}, {"model": "contenttypes.contenttype", "pk": 9, "fields": {"app_label": "socialaccount", "model": "socialaccount"}}, {"model": "contenttypes.contenttype", "pk": 10, "fields": {"app_label": "socialaccount", "model": "socialapp"}}, {"model": "contenttypes.contenttype", "pk": 11, "fields": {"app_label": "socialaccount", "model": "socialtoken"}}, {"model": "contenttypes.contenttype", "pk": 12, "fields": {"app_label": "users", "model": "user"}}, {"model": "contenttypes.contenttype", "pk": 13, "fields": {"app_label": "bookings", "model": "train"}}, {"model": "contenttypes.contenttype", "pk": 14, "fields": {"app_label": "bookings", "model": "availability"}}, {"model": "contenttypes.contenttype", "pk": 15, "fields": {"app_label": "bookings", "model": "route"}}, {"model": "contenttypes.contenttype", "pk": 16, "fields": {"app_label": "bookings", "model": "station"}}, {"model": "contenttypes.contenttype", "pk": 17, "fields": {"app_label": "bookings", "model": "booking"}}, {"model": "sessions.session", "pk": "4myod0wf5b1pal8stxygnna5li57ad16", "fields": {"session_data": ".eJxVjMEOwiAQBf-FsyFAKUKP3v0GsiyLRQ00pU00xn_XJr30-mbmfZhv1FquxdNryvObDeLEPKzL6NdGs8-RDUyywxYAH1Q2EO9QbpVjLcucA98UvtPGrzXS87K7h4MR2vivO5NkQmfdOSGQCRHJiC6gAKXRSa2VkEpGEXQk7FWyrgMXYm_BGpWcYd8fI5s_cQ:1nBihC:emas9V9AFrMDRyGh93Y9yIlct3cblw6oTdOZ3gls0iQ", "expire_date": "2022-02-06T19:38:38.747Z"}}, {"model": "sites.site", "pk": 1, "fields": {"domain": "rohan@rohanroy.com", "name": "train-booking"}}, {"model": "admin.logentry", "pk": 1, "fields": {"action_time": "2022-01-23T20:06:05.101Z", "user": 1, "content_type": 13, "object_id": "1", "object_repr": "T1", "action_flag": 1, "change_message": "[{\"added\": {}}]"}}, {"model": "admin.logentry", "pk": 2, "fields": {"action_time": "2022-01-23T20:06:11.412Z", "user": 1, "content_type": 13, "object_id": "2", "object_repr": "T2", "action_flag": 1, "change_message": "[{\"added\": {}}]"}}, {"model": "admin.logentry", "pk": 3, "fields": {"action_time": "2022-01-23T20:06:17.131Z", "user": 1, "content_type": 13, "object_id": "3", "object_repr": "T3", "action_flag": 1, "change_message": "[{\"added\": {}}]"}}, {"model": "admin.logentry", "pk": 4, "fields": {"action_time": "2022-01-23T20:06:26.165Z", "user": 1, "content_type": 13, "object_id": "4", "object_repr": "T4", "action_flag": 1, "change_message": "[{\"added\": {}}]"}}, {"model": "admin.logentry", "pk": 5, "fields": {"action_time": "2022-01-23T20:06:34.915Z", "user": 1, "content_type": 16, "object_id": "1", "object_repr": "A", "action_flag": 1, "change_message": "[{\"added\": {}}]"}}, {"model": "admin.logentry", "pk": 6, "fields": {"action_time": "2022-01-23T20:06:37.900Z", "user": 1, "content_type": 16, "object_id": "2", "object_repr": "B", "action_flag": 1, "change_message": "[{\"added\": {}}]"}}, {"model": "admin.logentry", "pk": 7, "fields": {"action_time": "2022-01-23T20:06:40.413Z", "user": 1, "content_type": 16, "object_id": "3", "object_repr": "C", "action_flag": 1, "change_message": "[{\"added\": {}}]"}}, {"model": "admin.logentry", "pk": 8, "fields": {"action_time": "2022-01-23T20:06:43.060Z", "user": 1, "content_type": 16, "object_id": "4", "object_repr": "D", "action_flag": 1, "change_message": "[{\"added\": {}}]"}}, {"model": "admin.logentry", "pk": 9, "fields": {"action_time": "2022-01-23T20:06:45.791Z", "user": 1, "content_type": 16, "object_id": "5", "object_repr": "E", "action_flag": 1, "change_message": "[{\"added\": {}}]"}}, {"model": "admin.logentry", "pk": 10, "fields": {"action_time": "2022-01-23T20:06:48.499Z", "user": 1, "content_type": 16, "object_id": "6", "object_repr": "F", "action_flag": 1, "change_message": "[{\"added\": {}}]"}}, {"model": "admin.logentry", "pk": 11, "fields": {"action_time": "2022-01-23T20:07:15.340Z", "user": 1, "content_type": 15, "object_id": "1", "object_repr": "1-A-B-0", "action_flag": 1, "change_message": "[{\"added\": {}}]"}}, {"model": "admin.logentry", "pk": 12, "fields": {"action_time": "2022-01-23T20:07:29.430Z", "user": 1, "content_type": 15, "object_id": "1", "object_repr": "1-A-B-0", "action_flag": 2, "change_message": "[{\"changed\": {\"fields\": [\"Arrival time\", \"Departure time\"]}}]"}}, {"model": "admin.logentry", "pk": 13, "fields": {"action_time": "2022-01-23T20:08:00.684Z", "user": 1, "content_type": 15, "object_id": "2", "object_repr": "1-B-C-1", "action_flag": 1, "change_message": "[{\"added\": {}}]"}}, {"model": "admin.logentry", "pk": 14, "fields": {"action_time": "2022-01-23T20:08:24.123Z", "user": 1, "content_type": 15, "object_id": "3", "object_repr": "1-C-D-2", "action_flag": 1, "change_message": "[{\"added\": {}}]"}}, {"model": "admin.logentry", "pk": 15, "fields": {"action_time": "2022-01-23T20:08:47.850Z", "user": 1, "content_type": 15, "object_id": "4", "object_repr": "1-D-E-3", "action_flag": 1, "change_message": "[{\"added\": {}}]"}}, {"model": "admin.logentry", "pk": 16, "fields": {"action_time": "2022-01-23T20:09:17.631Z", "user": 1, "content_type": 15, "object_id": "5", "object_repr": "2-B-E-0", "action_flag": 1, "change_message": "[{\"added\": {}}]"}}, {"model": "admin.logentry", "pk": 17, "fields": {"action_time": "2022-01-23T20:09:43.767Z", "user": 1, "content_type": 15, "object_id": "6", "object_repr": "3-C-D-0", "action_flag": 1, "change_message": "[{\"added\": {}}]"}}, {"model": "admin.logentry", "pk": 18, "fields": {"action_time": "2022-01-23T20:09:58.712Z", "user": 1, "content_type": 15, "object_id": "5", "object_repr": "2-B-E-0", "action_flag": 2, "change_message": "[{\"changed\": {\"fields\": [\"Arrival time\", \"Departure time\"]}}]"}}, {"model": "admin.logentry", "pk": 19, "fields": {"action_time": "2022-01-23T20:10:53.577Z", "user": 1, "content_type": 15, "object_id": "7", "object_repr": "3-D-E-1", "action_flag": 1, "change_message": "[{\"added\": {}}]"}}, {"model": "admin.logentry", "pk": 20, "fields": {"action_time": "2022-01-23T20:11:21.537Z", "user": 1, "content_type": 15, "object_id": "8", "object_repr": "3-E-A-2", "action_flag": 1, "change_message": "[{\"added\": {}}]"}}, {"model": "admin.logentry", "pk": 21, "fields": {"action_time": "2022-01-23T20:11:44.233Z", "user": 1, "content_type": 15, "object_id": "9", "object_repr": "4-A-C-0", "action_flag": 1, "change_message": "[{\"added\": {}}]"}}, {"model": "admin.logentry", "pk": 22, "fields": {"action_time": "2022-01-23T20:12:08.356Z", "user": 1, "content_type": 15, "object_id": "10", "object_repr": "4-C-F-1", "action_flag": 1, "change_message": "[{\"added\": {}}]"}}, {"model": "account.emailaddress", "pk": 1, "fields": {"user": 1, "email": "demo@demo.com", "verified": false, "primary": false}}, {"model": "users.user", "pk": 1, "fields": {"password": "argon2$argon2id$v=19$m=102400,t=2,p=8$VWRVWkVaZXBQWlcxS2xRUUlQVUo2MA$P+drt9k2gZ/Ox3rs+aY7KteSwR187Whujvym8Ksnjo0", "last_login": "2022-01-23T19:38:38.525Z", "is_superuser": true, "username": "demo", "email": "demo@demo.com", "is_staff": true, "is_active": true, "date_joined": "2022-01-23T19:38:00.245Z", "name": "", "groups": [], "user_permissions": []}}, {"model": "bookings.train", "pk": 1, "fields": {"name": "T1", "total_seats": 6}}, {"model": "bookings.train", "pk": 2, "fields": {"name": "T2", "total_seats": 4}}, {"model": "bookings.train", "pk": 3, "fields": {"name": "T3", "total_seats": 8}}, {"model": "bookings.train", "pk": 4, "fields": {"name": "T4", "total_seats": 6}}, {"model": "bookings.station", "pk": 1, "fields": {"name": "A"}}, {"model": "bookings.station", "pk": 2, "fields": {"name": "B"}}, {"model": "bookings.station", "pk": 3, "fields": {"name": "C"}}, {"model": "bookings.station", "pk": 4, "fields": {"name": "D"}}, {"model": "bookings.station", "pk": 5, "fields": {"name": "E"}}, {"model": "bookings.station", "pk": 6, "fields": {"name": "F"}}, {"model": "bookings.route", "pk": 1, "fields": {"train": 1, "source": 1, "destination": 2, "arrival_time": "2024-10-26T20:07:25Z", "departure_time": "2024-10-26T20:07:24Z", "stop_no": 0}}, {"model": "bookings.route", "pk": 2, "fields": {"train": 1, "source": 2, "destination": 3, "arrival_time": "2022-01-23T21:07:38Z", "departure_time": "2022-01-23T21:17:38Z", "stop_no": 1}}, {"model": "bookings.route", "pk": 3, "fields": {"train": 1, "source": 3, "destination": 4, "arrival_time": "2022-01-23T22:17:38Z", "departure_time": "2022-01-23T22:27:38Z", "stop_no": 2}}, {"model": "bookings.route", "pk": 4, "fields": {"train": 1, "source": 4, "destination": 5, "arrival_time": "2022-01-23T23:27:38Z", "departure_time": "2022-01-23T23:30:38Z", "stop_no": 3}}, {"model": "bookings.route", "pk": 5, "fields": {"train": 2, "source": 2, "destination": 5, "arrival_time": "2022-01-23T20:09:57Z", "departure_time": "2022-01-24T20:09:55Z", "stop_no": 0}}, {"model": "bookings.route", "pk": 6, "fields": {"train": 3, "source": 3, "destination": 4, "arrival_time": "2022-01-23T20:09:38Z", "departure_time": "2022-01-23T20:09:40Z", "stop_no": 0}}, {"model": "bookings.route", "pk": 7, "fields": {"train": 3, "source": 4, "destination": 5, "arrival_time": "2022-01-23T22:10:41Z", "departure_time": "2022-01-23T22:15:41Z", "stop_no": 1}}, {"model": "bookings.route", "pk": 8, "fields": {"train": 3, "source": 5, "destination": 1, "arrival_time": "2022-01-23T23:10:41Z", "departure_time": "2022-01-24T03:10:41Z", "stop_no": 2}}, {"model": "bookings.route", "pk": 9, "fields": {"train": 4, "source": 1, "destination": 3, "arrival_time": "2022-01-23T20:11:36Z", "departure_time": "2022-01-23T22:11:38Z", "stop_no": 0}}, {"model": "bookings.route", "pk": 10, "fields": {"train": 4, "source": 3, "destination": 6, "arrival_time": "2022-01-23T23:11:54Z", "departure_time": "2022-01-24T03:11:54Z", "stop_no": 1}}, {"model": "bookings.route", "pk": 11, "fields": {"train": 1, "source": 2, "destination": 3, "arrival_time": "2022-01-24T21:07:38Z", "departure_time": "2022-01-24T21:17:38Z", "stop_no": 1}}, {"model": "bookings.route", "pk": 12, "fields": {"train": 1, "source": 2, "destination": 3, "arrival_time": "2022-01-26T21:07:38Z", "departure_time": "2022-01-26T21:17:38Z", "stop_no": 1}}, {"model": "bookings.route", "pk": 13, "fields": {"train": 1, "source": 2, "destination": 3, "arrival_time": "2022-01-29T21:07:38Z", "departure_time": "2022-01-29T21:17:38Z", "stop_no": 1}}, {"model": "bookings.route", "pk": 14, "fields": {"train": 1, "source": 2, "destination": 3, "arrival_time": "2022-02-02T21:07:38Z", "departure_time": "2022-02-02T21:17:38Z", "stop_no": 1}}, {"model": "bookings.route", "pk": 15, "fields": {"train": 1, "source": 2, "destination": 3, "arrival_time": "2022-02-07T21:07:38Z", "departure_time": "2022-02-07T21:17:38Z", "stop_no": 1}}, {"model": "bookings.route", "pk": 16, "fields": {"train": 1, "source": 3, "destination": 4, "arrival_time": "2022-01-24T22:17:38Z", "departure_time": "2022-01-24T22:27:38Z", "stop_no": 2}}, {"model": "bookings.route", "pk": 17, "fields": {"train": 1, "source": 3, "destination": 4, "arrival_time": "2022-01-26T22:17:38Z", "departure_time": "2022-01-26T22:27:38Z", "stop_no": 2}}, {"model": "bookings.route", "pk": 18, "fields": {"train": 1, "source": 3, "destination": 4, "arrival_time": "2022-01-29T22:17:38Z", "departure_time": "2022-01-29T22:27:38Z", "stop_no": 2}}, {"model": "bookings.route", "pk": 19, "fields": {"train": 1, "source": 3, "destination": 4, "arrival_time": "2022-02-02T22:17:38Z", "departure_time": "2022-02-02T22:27:38Z", "stop_no": 2}}, {"model": "bookings.route", "pk": 20, "fields": {"train": 1, "source": 3, "destination": 4, "arrival_time": "2022-02-07T22:17:38Z", "departure_time": "2022-02-07T22:27:38Z", "stop_no": 2}}, {"model": "bookings.route", "pk": 21, "fields": {"train": 1, "source": 4, "destination": 5, "arrival_time": "2022-01-24T23:27:38Z", "departure_time": "2022-01-24T23:30:38Z", "stop_no": 3}}, {"model": "bookings.route", "pk": 22, "fields": {"train": 1, "source": 4, "destination": 5, "arrival_time": "2022-01-26T23:27:38Z", "departure_time": "2022-01-26T23:30:38Z", "stop_no": 3}}, {"model": "bookings.route", "pk": 23, "fields": {"train": 1, "source": 4, "destination": 5, "arrival_time": "2022-01-29T23:27:38Z", "departure_time": "2022-01-29T23:30:38Z", "stop_no": 3}}, {"model": "bookings.route", "pk": 24, "fields": {"train": 1, "source": 4, "destination": 5, "arrival_time": "2022-02-02T23:27:38Z", "departure_time": "2022-02-02T23:30:38Z", "stop_no": 3}}, {"model": "bookings.route", "pk": 25, "fields": {"train": 1, "source": 4, "destination": 5, "arrival_time": "2022-02-07T23:27:38Z", "departure_time": "2022-02-07T23:30:38Z", "stop_no": 3}}, {"model": "bookings.route", "pk": 26, "fields": {"train": 3, "source": 3, "destination": 4, "arrival_time": "2022-01-24T20:09:38Z", "departure_time": "2022-01-24T20:09:40Z", "stop_no": 0}}, {"model": "bookings.route", "pk": 27, "fields": {"train": 3, "source": 3, "destination": 4, "arrival_time": "2022-01-26T20:09:38Z", "departure_time": "2022-01-26T20:09:40Z", "stop_no": 0}}, {"model": "bookings.route", "pk": 28, "fields": {"train": 3, "source": 3, "destination": 4, "arrival_time": "2022-01-29T20:09:38Z", "departure_time": "2022-01-29T20:09:40Z", "stop_no": 0}}, {"model": "bookings.route", "pk": 29, "fields": {"train": 3, "source": 3, "destination": 4, "arrival_time": "2022-02-02T20:09:38Z", "departure_time": "2022-02-02T20:09:40Z", "stop_no": 0}}, {"model": "bookings.route", "pk": 30, "fields": {"train": 3, "source": 3, "destination": 4, "arrival_time": "2022-02-07T20:09:38Z", "departure_time": "2022-02-07T20:09:40Z", "stop_no": 0}}, {"model": "bookings.route", "pk": 31, "fields": {"train": 2, "source": 2, "destination": 5, "arrival_time": "2022-01-24T20:09:57Z", "departure_time": "2022-01-25T20:09:55Z", "stop_no": 0}}, {"model": "bookings.route", "pk": 32, "fields": {"train": 2, "source": 2, "destination": 5, "arrival_time": "2022-01-26T20:09:57Z", "departure_time": "2022-01-27T20:09:55Z", "stop_no": 0}}, {"model": "bookings.route", "pk": 33, "fields": {"train": 2, "source": 2, "destination": 5, "arrival_time": "2022-01-29T20:09:57Z", "departure_time": "2022-01-30T20:09:55Z", "stop_no": 0}}, {"model": "bookings.route", "pk": 34, "fields": {"train": 2, "source": 2, "destination": 5, "arrival_time": "2022-02-02T20:09:57Z", "departure_time": "2022-02-03T20:09:55Z", "stop_no": 0}}, {"model": "bookings.route", "pk": 35, "fields": {"train": 2, "source": 2, "destination": 5, "arrival_time": "2022-02-07T20:09:57Z", "departure_time": "2022-02-08T20:09:55Z", "stop_no": 0}}, {"model": "bookings.route", "pk": 36, "fields": {"train": 3, "source": 4, "destination": 5, "arrival_time": "2022-01-24T22:10:41Z", "departure_time": "2022-01-24T22:15:41Z", "stop_no": 1}}, {"model": "bookings.route", "pk": 37, "fields": {"train": 3, "source": 4, "destination": 5, "arrival_time": "2022-01-26T22:10:41Z", "departure_time": "2022-01-26T22:15:41Z", "stop_no": 1}}, {"model": "bookings.route", "pk": 38, "fields": {"train": 3, "source": 4, "destination": 5, "arrival_time": "2022-01-29T22:10:41Z", "departure_time": "2022-01-29T22:15:41Z", "stop_no": 1}}, {"model": "bookings.route", "pk": 39, "fields": {"train": 3, "source": 4, "destination": 5, "arrival_time": "2022-02-02T22:10:41Z", "departure_time": "2022-02-02T22:15:41Z", "stop_no": 1}}, {"model": "bookings.route", "pk": 40, "fields": {"train": 3, "source": 4, "destination": 5, "arrival_time": "2022-02-07T22:10:41Z", "departure_time": "2022-02-07T22:15:41Z", "stop_no": 1}}, {"model": "bookings.route", "pk": 41, "fields": {"train": 3, "source": 5, "destination": 1, "arrival_time": "2022-01-24T23:10:41Z", "departure_time": "2022-01-25T03:10:41Z", "stop_no": 2}}, {"model": "bookings.route", "pk": 42, "fields": {"train": 3, "source": 5, "destination": 1, "arrival_time": "2022-01-26T23:10:41Z", "departure_time": "2022-01-27T03:10:41Z", "stop_no": 2}}, {"model": "bookings.route", "pk": 43, "fields": {"train": 3, "source": 5, "destination": 1, "arrival_time": "2022-01-29T23:10:41Z", "departure_time": "2022-01-30T03:10:41Z", "stop_no": 2}}, {"model": "bookings.route", "pk": 44, "fields": {"train": 3, "source": 5, "destination": 1, "arrival_time": "2022-02-02T23:10:41Z", "departure_time": "2022-02-03T03:10:41Z", "stop_no": 2}}, {"model": "bookings.route", "pk": 45, "fields": {"train": 3, "source": 5, "destination": 1, "arrival_time": "2022-02-07T23:10:41Z", "departure_time": "2022-02-08T03:10:41Z", "stop_no": 2}}, {"model": "bookings.route", "pk": 46, "fields": {"train": 4, "source": 1, "destination": 3, "arrival_time": "2022-01-24T20:11:36Z", "departure_time": "2022-01-24T22:11:38Z", "stop_no": 0}}, {"model": "bookings.route", "pk": 47, "fields": {"train": 4, "source": 1, "destination": 3, "arrival_time": "2022-01-26T20:11:36Z", "departure_time": "2022-01-26T22:11:38Z", "stop_no": 0}}, {"model": "bookings.route", "pk": 48, "fields": {"train": 4, "source": 1, "destination": 3, "arrival_time": "2022-01-29T20:11:36Z", "departure_time": "2022-01-29T22:11:38Z", "stop_no": 0}}, {"model": "bookings.route", "pk": 49, "fields": {"train": 4, "source": 1, "destination": 3, "arrival_time": "2022-02-02T20:11:36Z", "departure_time": "2022-02-02T22:11:38Z", "stop_no": 0}}, {"model": "bookings.route", "pk": 50, "fields": {"train": 4, "source": 1, "destination": 3, "arrival_time": "2022-02-07T20:11:36Z", "departure_time": "2022-02-07T22:11:38Z", "stop_no": 0}}, {"model": "bookings.route", "pk": 51, "fields": {"train": 4, "source": 3, "destination": 6, "arrival_time": "2022-01-24T23:11:54Z", "departure_time": "2022-01-25T03:11:54Z", "stop_no": 1}}, {"model": "bookings.route", "pk": 52, "fields": {"train": 4, "source": 3, "destination": 6, "arrival_time": "2022-01-26T23:11:54Z", "departure_time": "2022-01-27T03:11:54Z", "stop_no": 1}}, {"model": "bookings.route", "pk": 53, "fields": {"train": 4, "source": 3, "destination": 6, "arrival_time": "2022-01-29T23:11:54Z", "departure_time": "2022-01-30T03:11:54Z", "stop_no": 1}}, {"model": "bookings.route", "pk": 54, "fields": {"train": 4, "source": 3, "destination": 6, "arrival_time": "2022-02-02T23:11:54Z", "departure_time": "2022-02-03T03:11:54Z", "stop_no": 1}}, {"model": "bookings.route", "pk": 55, "fields": {"train": 4, "source": 3, "destination": 6, "arrival_time": "2022-02-07T23:11:54Z", "departure_time": "2022-02-08T03:11:54Z", "stop_no": 1}}, {"model": "bookings.route", "pk": 56, "fields": {"train": 1, "source": 1, "destination": 2, "arrival_time": "2024-10-27T20:07:25Z", "departure_time": "2024-10-27T20:07:24Z", "stop_no": 0}}, {"model": "bookings.route", "pk": 57, "fields": {"train": 1, "source": 1, "destination": 2, "arrival_time": "2024-10-29T20:07:25Z", "departure_time": "2024-10-29T20:07:24Z", "stop_no": 0}}, {"model": "bookings.route", "pk": 58, "fields": {"train": 1, "source": 1, "destination": 2, "arrival_time": "2024-11-01T20:07:25Z", "departure_time": "2024-11-01T20:07:24Z", "stop_no": 0}}, {"model": "bookings.route", "pk": 59, "fields": {"train": 1, "source": 1, "destination": 2, "arrival_time": "2024-11-05T20:07:25Z", "departure_time": "2024-11-05T20:07:24Z", "stop_no": 0}}, {"model": "bookings.route", "pk": 60, "fields": {"train": 1, "source": 1, "destination": 2, "arrival_time": "2024-11-10T20:07:25Z", "departure_time": "2024-11-10T20:07:24Z", "stop_no": 0}}, {"model": "bookings.availability", "pk": 1, "fields": {"train": 1, "station": 1, "date": "2022-01-23", "available_seats": 0}}, {"model": "bookings.availability", "pk": 2, "fields": {"train": 1, "station": 2, "date": "2022-01-23", "available_seats": 0}}, {"model": "bookings.availability", "pk": 3, "fields": {"train": 1, "station": 3, "date": "2022-01-23", "available_seats": 0}}, {"model": "bookings.availability", "pk": 4, "fields": {"train": 1, "station": 4, "date": "2022-01-23", "available_seats": 6}}, {"model": "bookings.availability", "pk": 5, "fields": {"train": 2, "station": 2, "date": "2022-01-23", "available_seats": 4}}, {"model": "bookings.availability", "pk": 6, "fields": {"train": 3, "station": 3, "date": "2022-01-23", "available_seats": 8}}, {"model": "bookings.availability", "pk": 7, "fields": {"train": 3, "station": 4, "date": "2022-01-23", "available_seats": 8}}, {"model": "bookings.availability", "pk": 8, "fields": {"train": 3, "station": 5, "date": "2022-01-23", "available_seats": 8}}, {"model": "bookings.availability", "pk": 9, "fields": {"train": 4, "station": 1, "date": "2022-01-23", "available_seats": 6}}, {"model": "bookings.availability", "pk": 10, "fields": {"train": 4, "station": 3, "date": "2022-01-23", "available_seats": 6}}, {"model": "bookings.availability", "pk": 11, "fields": {"train": 1, "station": 2, "date": "2022-01-24", "available_seats": 6}}, {"model": "bookings.availability", "pk": 12, "fields": {"train": 1, "station": 3, "date": "2022-01-24", "available_seats": 6}}, {"model": "bookings.availability", "pk": 13, "fields": {"train": 1, "station": 4, "date": "2022-01-24", "available_seats": 6}}, {"model": "bookings.availability", "pk": 14, "fields": {"train": 1, "station": 2, "date": "2022-01-26", "available_seats": 6}}, {"model": "bookings.availability", "pk": 15, "fields": {"train": 1, "station": 3, "date": "2022-01-26", "available_seats": 6}}, {"model": "bookings.availability", "pk": 16, "fields": {"train": 1, "station": 4, "date": "2022-01-26", "available_seats": 6}}, {"model": "bookings.availability", "pk": 17, "fields": {"train": 1, "station": 2, "date": "2022-01-29", "available_seats": 6}}, {"model": "bookings.availability", "pk": 18, "fields": {"train": 1, "station": 3, "date": "2022-01-29", "available_seats": 6}}, {"model": "bookings.availability", "pk": 19, "fields": {"train": 1, "station": 4, "date": "2022-01-29", "available_seats": 6}}, {"model": "bookings.availability", "pk": 20, "fields": {"train": 1, "station": 2, "date": "2022-02-02", "available_seats": 6}}, {"model": "bookings.availability", "pk": 21, "fields": {"train": 1, "station": 3, "date": "2022-02-02", "available_seats": 6}}, {"model": "bookings.availability", "pk": 22, "fields": {"train": 1, "station": 4, "date": "2022-02-02", "available_seats": 6}}, {"model": "bookings.availability", "pk": 23, "fields": {"train": 1, "station": 2, "date": "2022-02-07", "available_seats": 6}}, {"model": "bookings.availability", "pk": 24, "fields": {"train": 1, "station": 3, "date": "2022-02-07", "available_seats": 6}}, {"model": "bookings.availability", "pk": 25, "fields": {"train": 1, "station": 4, "date": "2022-02-07", "available_seats": 6}}, {"model": "bookings.availability", "pk": 26, "fields": {"train": 1, "station": 1, "date": "2024-10-26", "available_seats": 6}}, {"model": "bookings.availability", "pk": 27, "fields": {"train": 1, "station": 1, "date": "2024-10-27", "available_seats": 6}}, {"model": "bookings.availability", "pk": 28, "fields": {"train": 1, "station": 1, "date": "2024-10-29", "available_seats": 6}}, {"model": "bookings.availability", "pk": 29, "fields": {"train": 1, "station": 1, "date": "2024-11-01", "available_seats": 6}}, {"model": "bookings.availability", "pk": 30, "fields": {"train": 1, "station": 1, "date": "2024-11-05", "available_seats": 6}}, {"model": "bookings.availability", "pk": 31, "fields": {"train": 1, "station": 1, "date": "2024-11-10", "available_seats": 6}}, {"model": "bookings.availability", "pk": 32, "fields": {"train": 2, "station": 2, "date": "2022-01-24", "available_seats": 4}}, {"model": "bookings.availability", "pk": 33, "fields": {"train": 2, "station": 2, "date": "2022-01-26", "available_seats": 4}}, {"model": "bookings.availability", "pk": 34, "fields": {"train": 2, "station": 2, "date": "2022-01-29", "available_seats": 4}}, {"model": "bookings.availability", "pk": 35, "fields": {"train": 2, "station": 2, "date": "2022-02-02", "available_seats": 4}}, {"model": "bookings.availability", "pk": 36, "fields": {"train": 2, "station": 2, "date": "2022-02-07", "available_seats": 4}}, {"model": "bookings.availability", "pk": 37, "fields": {"train": 3, "station": 3, "date": "2022-01-24", "available_seats": 8}}, {"model": "bookings.availability", "pk": 38, "fields": {"train": 3, "station": 4, "date": "2022-01-24", "available_seats": 8}}, {"model": "bookings.availability", "pk": 39, "fields": {"train": 3, "station": 5, "date": "2022-01-24", "available_seats": 8}}, {"model": "bookings.availability", "pk": 40, "fields": {"train": 3, "station": 3, "date": "2022-01-26", "available_seats": 8}}, {"model": "bookings.availability", "pk": 41, "fields": {"train": 3, "station": 4, "date": "2022-01-26", "available_seats": 8}}, {"model": "bookings.availability", "pk": 42, "fields": {"train": 3, "station": 5, "date": "2022-01-26", "available_seats": 8}}, {"model": "bookings.availability", "pk": 43, "fields": {"train": 3, "station": 3, "date": "2022-01-29", "available_seats": 8}}, {"model": "bookings.availability", "pk": 44, "fields": {"train": 3, "station": 4, "date": "2022-01-29", "available_seats": 8}}, {"model": "bookings.availability", "pk": 45, "fields": {"train": 3, "station": 5, "date": "2022-01-29", "available_seats": 8}}, {"model": "bookings.availability", "pk": 46, "fields": {"train": 3, "station": 3, "date": "2022-02-02", "available_seats": 8}}, {"model": "bookings.availability", "pk": 47, "fields": {"train": 3, "station": 4, "date": "2022-02-02", "available_seats": 8}}, {"model": "bookings.availability", "pk": 48, "fields": {"train": 3, "station": 5, "date": "2022-02-02", "available_seats": 8}}, {"model": "bookings.availability", "pk": 49, "fields": {"train": 3, "station": 3, "date": "2022-02-07", "available_seats": 8}}, {"model": "bookings.availability", "pk": 50, "fields": {"train": 3, "station": 4, "date": "2022-02-07", "available_seats": 8}}, {"model": "bookings.availability", "pk": 51, "fields": {"train": 3, "station": 5, "date": "2022-02-07", "available_seats": 8}}, {"model": "bookings.availability", "pk": 52, "fields": {"train": 4, "station": 1, "date": "2022-01-24", "available_seats": 6}}, {"model": "bookings.availability", "pk": 53, "fields": {"train": 4, "station": 3, "date": "2022-01-24", "available_seats": 6}}, {"model": "bookings.availability", "pk": 54, "fields": {"train": 4, "station": 1, "date": "2022-01-26", "available_seats": 6}}, {"model": "bookings.availability", "pk": 55, "fields": {"train": 4, "station": 3, "date": "2022-01-26", "available_seats": 6}}, {"model": "bookings.availability", "pk": 56, "fields": {"train": 4, "station": 1, "date": "2022-01-29", "available_seats": 6}}, {"model": "bookings.availability", "pk": 57, "fields": {"train": 4, "station": 3, "date": "2022-01-29", "available_seats": 6}}, {"model": "bookings.availability", "pk": 58, "fields": {"train": 4, "station": 1, "date": "2022-02-02", "available_seats": 6}}, {"model": "bookings.availability", "pk": 59, "fields": {"train": 4, "station": 3, "date": "2022-02-02", "available_seats": 6}}, {"model": "bookings.availability", "pk": 60, "fields": {"train": 4, "station": 1, "date": "2022-02-07", "available_seats": 6}}, {"model": "bookings.availability", "pk": 61, "fields": {"train": 4, "station": 3, "date": "2022-02-07", "available_seats": 6}}, {"model": "bookings.booking", "pk": 3, "fields": {"train": 1, "date_of_journey": "2022-01-23T00:00:00Z", "from_station": 1, "to_station": 3, "number_of_seats": 2}}, {"model": "bookings.booking", "pk": 4, "fields": {"train": 1, "date_of_journey": "2022-01-23T22:17:38Z", "from_station": 3, "to_station": 4, "number_of_seats": 2}}, {"model": "bookings.booking", "pk": 11, "fields": {"train": 1, "date_of_journey": "2022-01-23T00:00:00Z", "from_station": 1, "to_station": 2, "number_of_seats": 4}}, {"model": "bookings.booking", "pk": 12, "fields": {"train": 1, "date_of_journey": "2022-01-23T00:00:00Z", "from_station": 2, "to_station": 3, "number_of_seats": 4}}, {"model": "bookings.booking", "pk": 14, "fields": {"train": 1, "date_of_journey": "2022-01-23T22:17:38Z", "from_station": 3, "to_station": 4, "number_of_seats": 4}}]
